Attack,RRS_After
FGSM,0.08102229472539424
PGD,0.08102229472539424
GA,0.08102229472539424
